City_ID,City,Country,Lat,Lng,Max Temp,Humidity,Cloudiness,Wind Speed
0,Thompson,CA,55.7435,-97.8558,33.96,100,90,6.91
1,Cabo San Lucas,MX,22.8909,-109.9124,79.52,79,72,8.84
2,Port Blair,IN,11.6667,92.75,82.65,80,76,17.63
3,Rikitea,PF,-23.1203,-134.9692,74.61,73,33,3.53
4,Apiai,BR,-24.5094,-48.8425,59.63,97,35,3.29
5,Georgetown,MY,5.4112,100.3354,91.33,62,66,9.22
6,Cape Town,ZA,-33.9258,18.4232,59.11,69,94,7.0
7,Mar Del Plata,AR,-38.0023,-57.5575,52.88,36,40,4.0
8,Berdigestyakh,RU,62.0989,126.6992,22.5,67,100,8.28
9,Bambous Virieux,MU,-20.3428,57.7575,78.22,69,16,13.89
10,Ribeira Grande,PT,38.5167,-28.7,70.36,79,67,12.77
11,Bengkulu,ID,-3.8004,102.2655,83.68,68,97,5.86
12,Barrow,US,71.2906,-156.7887,26.62,80,90,20.71
13,Khatanga,RU,71.9667,102.5,9.37,88,87,5.91
14,Ushuaia,AR,-54.8,-68.3,44.26,39,75,4.61
15,Ostrovnoy,RU,68.0531,39.5131,38.07,78,99,25.5
16,Meadow Lake,US,34.8014,-106.5436,51.31,38,1,14.12
17,Tuktoyaktuk,CA,69.4541,-133.0374,28.65,84,100,6.13
18,Kapaa,US,22.0752,-159.319,78.78,83,75,3.0
19,Hithadhoo,MV,-0.6,73.0833,83.37,77,87,23.11
20,Muros,ES,42.7762,-9.0603,58.84,76,4,2.66
21,Punta Arenas,CL,-53.15,-70.9167,42.91,75,0,13.8
22,Dikson,RU,73.5069,80.5464,32.34,99,100,7.09
23,Victoria,HK,22.2855,114.1577,80.33,90,100,1.01
24,Ponta Delgada,PT,37.7333,-25.6667,72.32,94,75,19.57
25,Fairbanks,US,64.8378,-147.7164,30.24,80,75,0.0
26,Bluff,NZ,-46.6,168.3333,50.65,66,50,18.25
27,Ponta Do Sol,PT,32.6667,-17.1,68.72,75,5,2.06
28,Torbay,CA,47.6666,-52.7314,48.76,95,100,5.01
29,Dhamtari,IN,20.7072,81.5497,85.8,72,85,5.91
30,Sao Filipe,CV,14.8961,-24.4956,77.7,75,88,10.36
31,Faanui,PF,-16.4833,-151.75,80.65,72,85,14.03
32,Pingliang,CN,35.5392,106.6861,43.75,88,100,3.71
33,Albany,US,42.6001,-73.9662,60.73,92,86,2.75
34,Bonavista,CA,48.6499,-53.1147,49.12,94,100,37.27
35,Ambon,ID,-3.6954,128.1814,87.94,84,40,6.91
36,Vaini,TO,-21.2,-175.2,78.96,83,40,10.36
37,Hvolsvollur,IS,63.7533,-20.2243,41.81,84,96,7.18
38,Havelock,US,34.8791,-76.9013,68.95,95,99,2.08
39,Mataura,NZ,-46.1927,168.8643,52.57,61,46,7.72
40,Yulara,AU,-25.2406,130.9889,79.56,13,0,4.36
41,Hermanus,ZA,-34.4187,19.2345,55.9,77,62,12.28
42,Klaksvik,FO,62.2266,-6.589,45.52,69,96,28.27
43,Ilulissat,GL,69.2167,-51.1,26.62,93,100,3.44
44,Bagrami,AF,34.4938,69.2743,63.75,7,0,1.54
45,Atuona,PF,-9.8,-139.0333,78.01,78,18,18.9
46,Yellowknife,CA,62.456,-114.3525,38.41,98,1,8.01
47,Valdivia,CL,-39.8142,-73.2459,41.09,90,33,1.48
48,Puerto Ayora,EC,-0.7393,-90.3518,68.45,84,37,9.78
49,Hambantota,LK,6.1241,81.1185,86.83,67,95,21.77
50,Saint George,US,37.1041,-113.5841,56.25,40,1,1.01
51,Busselton,AU,-33.65,115.3333,76.08,43,85,2.62
52,Mikkeli,FI,61.6886,27.2723,43.14,93,90,12.66
53,Yar-Sale,RU,66.8333,70.8333,39.51,87,95,6.31
54,Old Saybrook,US,41.2918,-72.3762,64.98,95,1,3.44
55,Hilo,US,19.7297,-155.09,73.13,91,75,3.44
56,Vila Franca Do Campo,PT,37.7167,-25.4333,72.01,93,100,14.58
57,Sitka,US,57.0531,-135.33,40.64,85,94,4.21
58,General Pico,AR,-35.6566,-63.7568,43.5,30,0,7.94
59,Tuatapere,NZ,-46.1333,167.6833,52.39,67,46,9.66
60,Muli,MV,2.9167,73.5667,83.44,79,74,20.4
61,Camacha,PT,33.0833,-16.3333,65.16,82,20,2.3
62,Hobart,AU,-42.8794,147.3294,59.27,95,75,6.91
63,Sao Joao Da Barra,BR,-21.6403,-41.0511,72.82,93,39,11.3
64,Namibe,AO,-15.1961,12.1522,62.44,90,48,1.43
65,Felanitx,ES,39.4696,3.1483,56.14,73,0,3.02
66,Omboue,GA,-1.5746,9.2618,76.98,88,91,5.01
67,New Norfolk,AU,-42.7826,147.0587,58.91,79,95,2.53
68,Butaritari,KI,3.0707,172.7902,82.58,71,29,16.33
69,Kaitangata,NZ,-46.2817,169.8464,53.67,62,42,3.04
70,Cozumel,MX,20.5083,-86.9458,78.78,94,40,0.0
71,Kasangulu,CD,-4.5911,15.1708,71.94,85,96,1.63
72,Pindushi,RU,62.9152,34.58,37.74,91,58,7.96
73,Asau,RO,46.4333,26.4,42.76,90,100,0.89
74,Arraial Do Cabo,BR,-22.9661,-42.0278,72.37,95,73,20.09
75,Ancud,CL,-41.8697,-73.8203,43.43,77,49,7.05
76,Raga,SS,8.4596,25.678,72.01,91,35,1.19
77,Port Hedland,AU,-20.3167,118.5667,96.85,9,1,14.97
78,Airai,TL,-8.9266,125.4092,75.31,60,82,0.96
79,Nikolskoye,RU,59.7035,30.7861,38.88,82,33,7.49
80,Cidreira,BR,-30.1811,-50.2056,66.33,98,86,8.37
81,Comodoro Rivadavia,AR,-45.8667,-67.5,46.26,42,0,25.32
82,Avarua,CK,-21.2078,-159.775,77.05,69,4,2.3
83,Chiplun,IN,17.5333,73.5167,89.53,58,89,2.15
84,Pozzallo,IT,36.7305,14.8499,56.21,62,99,16.11
85,Bethel,US,41.3712,-73.414,63.55,92,1,3.44
86,San Quintin,MX,30.4833,-115.95,65.03,68,0,6.2
87,Valleyview,CA,55.0667,-117.2859,33.84,64,14,8.05
88,Port Alfred,ZA,-33.5906,26.891,63.61,76,100,18.52
89,Kununurra,AU,-15.7667,128.7333,103.98,5,57,8.05
90,Tsumeb,NA,-19.2333,17.7167,65.75,18,0,4.32
91,Norman Wells,CA,65.282,-126.8329,17.64,93,75,2.3
92,Port Elizabeth,ZA,-33.918,25.5701,63.1,76,71,11.05
93,San Andres,CO,12.5847,-81.7006,82.42,83,90,0.0
94,La Ronge,CA,55.1001,-105.2842,35.85,93,75,5.75
95,Hokitika,NZ,-42.7167,170.9667,54.1,67,34,10.0
96,Wright,US,45.1833,-93.9502,46.29,87,1,1.01
97,Jamestown,US,42.097,-79.2353,71.19,95,1,4.0
98,Kavieng,PG,-2.5744,150.7967,85.03,71,40,9.93
99,Paragominas,BR,-2.9667,-47.4833,72.95,87,100,2.35
100,Cherskiy,RU,68.75,161.3,10.18,96,98,5.28
101,Yeniseysk,RU,58.4497,92.1703,34.93,45,71,6.93
102,Cabra,ES,37.4725,-4.4421,60.91,63,97,3.22
103,Kaeo,NZ,-35.1,173.7833,64.33,67,4,6.33
104,Tsurugi,JP,36.45,136.6333,75.25,63,1,7.07
105,Urucara,BR,-2.5364,-57.76,81.72,51,62,2.21
106,Tynda,RU,55.1667,124.7167,25.3,40,69,14.2
107,Castro,BR,-24.7911,-50.0119,59.76,97,5,4.92
108,Bredasdorp,ZA,-34.5322,20.0403,51.28,86,100,6.17
109,Salalah,OM,17.0151,54.0924,80.69,57,0,4.61
110,Kodiak,US,57.79,-152.4072,39.43,67,12,9.46
111,Mayo,US,38.8876,-76.5119,66.94,95,1,0.0
112,Yurimaguas,PE,-5.9,-76.0833,79.95,72,97,1.68
113,Garowe,SO,8.4054,48.4845,82.98,53,85,7.52
114,Mitsamiouli,KM,-11.3847,43.2844,78.39,81,7,10.96
115,Naberera,TZ,-4.2,36.9333,63.37,74,93,9.06
116,Hayden,US,47.766,-116.7866,46.54,85,75,6.91
117,Saint-Philippe,RE,-21.3585,55.7679,80.47,77,38,10.56
118,Kysyl-Syr,RU,63.8986,122.7617,23.05,69,95,7.36
119,Wanning,CN,18.8003,110.3967,81.25,84,99,7.38
120,Berlevag,NO,70.8578,29.0864,33.8,93,75,4.61
121,Verkhnetulomskiy,RU,68.6073,31.7962,37.53,97,100,10.76
122,San Cristobal,VE,7.7669,-72.225,71.78,93,100,1.12
123,Mahebourg,MU,-20.4081,57.7,78.26,69,40,13.8
124,Manyana,BW,-23.4,21.7167,69.17,17,3,4.47
125,Port-Gentil,GA,-0.7193,8.7815,78.73,84,100,10.0
126,Zheleznodorozhnyy,RU,55.7503,38.0042,41.41,87,100,14.94
127,Isangel,VU,-19.55,169.2667,80.71,83,75,0.0
128,Srednekolymsk,RU,67.45,153.6833,15.3,94,89,2.19
129,Lebu,CL,-37.6167,-73.65,44.62,76,2,6.51
130,San Jose,US,37.3394,-121.895,63.57,53,1,0.0
131,Jardim,BR,-21.4803,-56.1381,78.71,71,23,8.59
132,Chokurdakh,RU,70.6333,147.9167,6.1,98,98,1.41
133,Malanje,AO,-9.5402,16.341,64.08,83,26,3.58
134,Atar,MR,20.5169,-13.0499,81.86,21,11,12.12
135,Upernavik,GL,72.7868,-56.1549,27.79,78,44,3.49
136,Hay River,CA,60.8156,-115.7999,37.38,70,20,6.91
137,Elat,IL,29.5581,34.9482,78.98,46,20,7.63
138,Banda Aceh,ID,5.5577,95.3222,88.34,57,99,16.33
139,Chuy,UY,-33.6971,-53.4616,60.26,91,100,6.22
140,Ajdabiya,LY,30.7554,20.2263,70.52,61,10,11.92
141,Luderitz,NA,-26.6481,15.1594,54.93,85,49,12.21
142,Inirida,CO,3.8653,-67.9239,76.95,90,89,2.59
143,Farafangana,MG,-22.8167,47.8333,74.48,78,32,4.63
144,Taoudenni,ML,22.6783,-3.9836,84.69,15,45,8.43
145,Tiksi,RU,71.6872,128.8694,11.12,91,91,7.65
146,Da Nang,VN,16.0678,108.2208,84.18,74,75,2.3
147,Gilgit,PK,35.9221,74.3087,68.97,21,0,1.52
148,Weligama,LK,5.9667,80.4167,83.97,77,66,14.76
149,Coihaique,CL,-45.5752,-72.0662,40.95,81,90,5.75
150,Agadez,NE,19.75,10.25,74.73,19,7,7.67
151,Contamana,PE,-7.3333,-75.0167,75.92,76,100,1.45
152,Kurchum,KZ,48.5722,83.6542,49.1,30,2,1.1
153,Bathsheba,BB,13.2167,-59.5167,83.01,83,75,16.11
154,Padang,ID,-0.9492,100.3543,87.85,63,89,6.53
155,Kuryk,KZ,43.2,51.65,60.64,26,96,12.08
156,Provideniya,RU,64.3833,-173.3,32.11,59,75,13.42
157,Senador Pompeu,BR,-5.5881,-39.3717,77.22,78,75,4.92
158,Ouesso,CG,1.6136,16.0517,70.07,99,99,0.83
159,Brownsville,US,25.9018,-97.4975,81.91,85,75,1.01
160,Los Llanos De Aridane,ES,28.6585,-17.9182,65.95,68,20,9.22
161,Bac Lieu,VN,9.285,105.7244,88.43,61,47,7.09
162,Tilichiki,RU,60.4667,166.1,25.29,54,8,8.1
163,Fortuna,US,40.5982,-124.1573,52.2,92,1,0.0
164,Bilibino,RU,68.0546,166.4372,-6.03,100,92,2.06
165,East London,ZA,-33.0153,27.9116,61.74,88,75,9.22
166,Tsiroanomandidy,MG,-18.7667,46.0333,75.81,42,0,6.51
167,Russell,US,32.3502,-85.1999,67.6,93,1,0.0
168,Pisco,PE,-13.7,-76.2167,60.03,82,13,3.44
169,Carnarvon,AU,-24.8667,113.6333,77.07,69,0,20.71
170,Maracacume,BR,-2.0428,-45.9592,73.06,93,71,2.86
171,Pevek,RU,69.7008,170.3133,19.67,93,100,2.51
172,Ambilobe,MG,-13.2,49.05,83.19,48,3,6.33
173,Dingle,PH,10.9995,122.6711,83.52,78,98,1.41
174,Cervo,ES,43.6702,-7.4101,57.97,54,7,4.5
175,Stromness,GB,58.965,-3.296,44.87,77,80,14.0
176,Tornio,FI,65.8481,24.1466,46.42,94,100,23.35
177,Katangli,RU,51.7102,143.2326,36.73,82,100,23.31
178,Grindavik,IS,63.8424,-22.4338,43.27,81,75,20.71
179,Lata,PT,40.1629,-8.3327,51.06,62,60,2.53
180,Liverpool,GB,53.4106,-2.9779,52.63,85,78,8.05
181,Semirom,IR,31.4167,51.5667,59.02,30,0,1.74
182,Beipiao,CN,41.7919,120.7792,54.34,33,92,21.63
183,Sept-Iles,CA,50.2001,-66.3821,53.06,93,75,5.75
184,Saldanha,ZA,-33.0117,17.9442,55.45,65,100,13.62
185,Mangai,CD,-4.05,19.5333,70.14,98,93,1.86
186,Vardo,NO,70.3705,31.1107,37.6,97,100,12.5
187,Tasiilaq,GL,65.6145,-37.6368,46.56,52,96,9.28
188,Polunochnoye,RU,60.8697,60.4153,40.96,76,100,5.59
189,Geraldton,AU,-28.7667,114.6,82.81,26,17,13.8
190,Zavyalovo,RU,54.5053,82.4484,42.62,62,3,7.65
191,Saravan,AM,39.7196,45.6483,54.25,36,11,2.48
192,Havoysund,NO,70.9963,24.6622,34.68,97,100,11.03
193,Bereda,ES,43.2686,-7.5406,49.41,69,5,1.57
194,Longyearbyen,SJ,78.2186,15.6401,31.84,59,75,14.97
195,Alofi,NU,-19.0595,-169.9187,78.69,69,5,5.75
196,Zauralskiy,RU,54.7875,61.2365,44.17,60,97,11.54
197,Quatre Cocos,MU,-20.2078,57.7625,78.1,68,21,14.36
198,Dolny Kubin,SK,49.2098,19.3034,42.4,85,88,2.89
199,Baijiantan,CN,45.6333,85.1833,55.02,25,0,5.35
200,Port Moresby,PG,-9.4431,147.1797,85.42,66,40,11.5
201,Rafai,CF,4.95,23.9167,69.78,98,98,0.72
202,Kruisfontein,ZA,-34.0033,24.7314,61.88,78,92,5.86
203,Aban,RU,56.67,96.06,32.36,36,39,6.53
204,Linxia,CN,35.6003,103.2064,41.59,81,100,1.97
205,Cockburn Town,TC,21.4612,-71.1419,81.99,78,77,10.63
206,Thinadhoo,MV,0.5333,72.9333,83.25,76,93,23.76
207,Naze,JP,28.3667,129.4833,83.32,76,21,6.82
208,Talnakh,RU,69.4865,88.3972,27.21,97,100,10.71
209,Half Moon Bay,US,37.4636,-122.4286,64.02,57,1,0.0
210,Qaanaaq,GL,77.484,-69.3632,11.66,83,72,11.12
211,Kushmurun,KZ,52.4503,64.6311,50.47,64,0,4.7
212,Puerto Colombia,CO,10.9878,-74.9547,77.09,78,92,4.32
213,Usinsk,RU,65.9939,57.5281,41.13,97,100,9.06
214,Flores,GT,16.9226,-89.8994,74.3,85,47,0.25
215,Surt,LY,31.2089,16.5887,67.78,56,0,20.13
216,Hovd,MN,48.0056,91.6419,36.81,47,7,4.43
217,Chicla,PE,-11.705,-76.2686,45.14,83,99,1.16
218,Honningsvag,NO,70.9821,25.9704,33.33,96,100,10.27
219,Opocno,CZ,50.2674,16.1148,49.87,95,99,4.54
220,Weymouth,US,42.2209,-70.9398,65.21,92,90,3.44
221,Ponferrada,ES,42.5466,-6.5962,54.1,77,21,1.28
222,Jiaohe,CN,43.7286,127.3447,56.91,41,3,7.85
223,Rexburg,US,43.826,-111.7897,35.58,75,90,4.61
224,Coos Bay,US,43.3665,-124.2179,52.95,97,1,4.61
225,Port Angeles,US,48.1181,-123.4307,53.87,97,75,0.0
226,Burnie,AU,-41.0667,145.9167,59.92,79,83,5.01
227,Sur,OM,22.5667,59.5289,86.34,37,0,3.53
228,Athabasca,CA,54.7169,-113.2854,31.69,56,0,8.19
229,Xichang,CN,27.8964,102.2634,69.33,72,95,2.3
230,Yamada,JP,39.4667,141.95,70.12,65,66,3.69
231,Talara,PE,-4.5772,-81.2719,65.62,82,56,14.9
232,Santiago,CL,-33.4569,-70.6483,51.85,61,3,11.5
233,Harper,LR,4.375,-7.7169,77.38,90,43,4.61
234,Batman,TR,37.8874,41.1322,61.14,55,0,5.75
235,Severo-Kurilsk,RU,50.6789,156.125,46.0,99,100,4.59
236,Kempele,FI,64.9131,25.5034,46.42,87,90,12.66
237,Dauphin,CA,51.1494,-100.0502,42.94,87,90,13.8
238,Pudozh,RU,61.8099,36.5345,35.13,95,41,2.55
239,Rumuruti,KE,0.267,36.5389,63.75,65,8,10.33
240,Laguna,US,38.421,-121.4238,63.77,51,1,0.0
241,Nyurba,RU,63.2842,118.3319,26.37,64,86,6.26
242,Katsuura,JP,35.1333,140.3,75.31,65,22,5.82
243,Clyde River,CA,70.4692,-68.5914,23.95,69,44,7.83
244,Caravelas,BR,-17.7125,-39.2481,75.54,92,96,6.64
245,Kanata,CA,45.3159,-75.8985,63.99,89,75,5.75
246,Zhuhai,CN,22.2769,113.5678,80.06,83,40,14.97
247,Na Klang,TH,17.3072,102.1889,75.25,96,100,6.62
248,Sandwick,GB,60.0,-1.25,42.62,75,90,14.97
249,Las Guacamayas,MX,18.0167,-102.2167,78.58,91,62,2.39
250,Coquimbo,CL,-29.9533,-71.3436,53.33,71,0,3.44
251,Yarada,IN,17.65,83.2667,82.72,89,90,4.61
252,Kahului,US,20.8947,-156.47,76.26,84,20,20.71
253,Caluquembe,AO,-13.7833,14.6833,60.13,61,1,4.65
254,Luang Prabang,LA,19.8856,102.1347,76.96,78,90,6.91
255,Boueni,YT,-12.9025,45.0761,75.18,75,10,2.24
256,Progreso,MX,21.2833,-89.6667,80.71,81,89,8.57
257,Nianzishan,CN,47.5167,122.8833,40.03,27,20,20.98
258,Dekalb,US,33.7504,-84.2333,69.91,83,1,0.0
259,Ucluelet,CA,48.9329,-125.5528,52.09,93,100,7.27
260,Nanortalik,GL,60.1432,-45.2371,40.12,56,79,3.62
261,College,US,64.8569,-147.8028,30.22,81,75,0.0
262,Ust-Maya,RU,60.4167,134.5333,25.02,57,100,6.51
263,Harer,ET,9.3094,42.1258,67.32,33,14,7.58
264,Iqaluit,CA,63.7506,-68.5145,26.33,79,20,4.0
265,Mitu,CO,1.1983,-70.1733,75.9,84,20,2.55
266,Nowy Dwor Gdanski,PL,54.2131,19.1177,51.57,84,100,15.93
267,Llata,PE,-9.4167,-76.7833,52.92,84,98,0.58
268,Cody,US,44.5263,-109.0565,35.82,48,1,3.44
269,Atambua,ID,-9.1061,124.8925,84.58,61,80,5.91
270,Kousseri,CM,12.0769,15.0306,80.56,61,100,11.5
271,Aykhal,RU,66.0,111.5,14.63,81,58,17.22
272,Alyangula,AU,-13.8483,136.4192,85.87,51,75,17.27
273,Sola,VU,-13.8833,167.55,81.39,70,23,2.91
274,Saskylakh,RU,71.9167,114.0833,7.56,90,93,12.06
275,Teseney,ER,15.11,36.6575,83.64,39,2,6.87
276,Pozo Colorado,PY,-23.4923,-58.7972,74.17,91,28,4.16
277,Poum,NC,-20.2333,164.0167,75.51,70,9,8.84
278,Slantsy,RU,59.1182,28.0914,39.06,78,98,10.6
279,Bodden Town,KY,19.2833,-81.25,81.93,91,13,8.28
280,Priargunsk,RU,50.3691,119.1012,21.51,89,100,28.39
281,Santa Lucia,ES,27.9117,-15.5407,63.72,73,75,13.8
282,Barcelos,PT,41.5388,-8.6151,60.91,55,46,3.33
283,Kyren,RU,51.6828,102.1408,27.79,55,43,0.6
284,Ca Mau,VN,9.1769,105.15,91.85,52,72,6.96
285,Pagatin,PH,6.9731,124.4753,92.84,54,44,2.8
286,Hirado,JP,33.3597,129.5531,82.38,64,0,14.88
287,Lovozero,RU,68.005,35.0117,35.15,96,100,11.86
288,Rubiataba,BR,-15.1644,-49.8033,71.06,82,100,3.78
289,Lompoc,US,34.6391,-120.4579,66.13,75,1,5.75
290,Ugoofaaru,MV,5.6667,73.0,82.42,80,44,23.91
291,Necochea,AR,-38.5473,-58.7368,46.04,78,64,8.14
292,Mahibadhoo,MV,3.7833,72.9667,83.68,78,65,23.09
293,Ngunguru,NZ,-35.6167,174.5,64.17,59,5,4.52
294,Bintulu,MY,3.1667,113.0333,91.81,75,40,8.05
295,Sorland,NO,67.667,12.6934,35.67,63,95,19.71
296,Rabo De Peixe,PT,37.8,-25.5833,71.11,94,75,18.41
297,Waw,SS,7.7029,27.9953,75.74,79,8,0.76
298,Northam,GB,51.0333,-4.2167,58.6,88,100,8.61
299,High Rock,BS,26.6208,-78.2833,77.02,74,9,6.64
300,Grand-Santi,GF,4.25,-54.3833,71.22,97,20,3.0
301,Ratnagiri,IN,16.9833,73.3,87.06,64,99,4.29
302,Pemangkat,ID,1.1667,108.9667,86.95,67,98,5.93
303,Ketchikan,US,55.3422,-131.6461,46.87,93,90,11.5
304,Adre,TD,13.4667,22.2,74.14,76,24,2.89
305,Igrim,RU,63.1906,64.4162,42.49,78,95,7.52
306,Tres Arroyos,AR,-38.3739,-60.2798,40.17,89,18,7.18
307,Kumano,JP,34.3442,132.5894,78.17,60,0,2.53
308,Bandarbeyla,SO,9.4942,50.8122,82.58,70,100,10.65
309,Broome,US,42.2506,-75.833,63.64,74,79,3.04
310,Rawson,AR,-43.3002,-65.1023,51.39,34,62,21.0
311,Eirunepe,BR,-6.6603,-69.8736,76.19,81,78,2.8
312,Tres Lagoas,BR,-20.7511,-51.6783,70.45,91,66,11.1
313,Portland,US,45.5234,-122.6762,55.56,93,90,4.0
314,Nome,US,64.5011,-165.4064,30.27,74,90,8.05
315,Muravlenko,RU,63.7898,74.523,42.91,85,100,14.74
316,Dzaoudzi,YT,-12.7887,45.2699,75.09,88,90,10.36
317,Baishishan,CN,43.5833,127.5667,55.11,47,1,7.54
318,Sarny,UA,51.338,26.6019,40.98,68,87,11.92
319,Mazagao,BR,-0.115,-51.2894,78.85,85,24,4.29
320,Bakloh,IN,32.4667,75.9167,79.75,26,0,1.32
321,Benguela,AO,-12.5763,13.4055,70.38,83,14,2.48
322,Zhoucheng,CN,35.9122,116.3117,60.21,82,100,6.4
323,Alausi,EC,-2.2,-78.8333,49.41,87,83,3.2
324,Ekhabi,RU,53.5102,142.9671,38.03,70,100,20.67
325,Hojai,IN,26.0,92.8667,87.4,77,52,0.87
326,Whitehorse,CA,60.7161,-135.0538,33.31,71,83,8.99
327,Kismayo,SO,-0.3582,42.5454,79.92,76,90,11.79
328,San Carlos De Bariloche,AR,-41.1456,-71.3082,37.15,65,40,13.8
329,Karachi,PK,24.9056,67.0822,87.62,25,0,4.61
330,Nouadhibou,MR,20.931,-17.0347,67.98,88,49,16.11
331,Vaitape,PF,-16.5167,-151.75,80.65,72,88,13.94
332,Chara,RU,56.9064,118.2631,20.61,36,99,4.7
333,Hofn,IS,64.2539,-15.2082,42.87,56,64,11.41
334,Atakpame,TG,7.5333,1.1333,70.39,94,51,2.93
335,Bima,ID,-8.4667,118.7167,93.88,48,100,1.48
336,Leningradskiy,RU,69.3833,178.4167,18.66,95,100,4.85
337,Krishnarajasagara,IN,12.4089,76.5797,78.73,73,40,3.44
338,Laredo,US,27.5064,-99.5075,82.4,89,1,8.05
339,Jalu,LY,29.0331,21.5482,67.51,64,1,7.92
340,Mount Darwin,ZW,-16.7725,31.5838,71.2,52,0,2.37
341,Davila,PH,18.4726,120.5763,85.77,72,74,15.5
342,Saint-Georges,GD,12.0564,-61.7485,82.08,89,20,12.66
343,Helena,US,46.5927,-112.0361,38.41,57,75,7.0
344,Kijang,KR,35.2442,129.2139,80.33,67,4,8.21
345,Mount Isa,AU,-20.7333,139.5,87.57,11,83,10.36
346,Darhan,MN,49.4867,105.9228,28.42,34,26,7.96
347,Butembo,CD,0.15,29.2833,61.23,88,13,2.24
348,Ahuimanu,US,21.4447,-157.8378,78.51,75,75,11.5
349,Ankazoabo,MG,-22.2833,44.5167,83.98,25,63,4.25
350,Ceres,US,37.5949,-120.9577,62.06,66,1,0.0
351,Lamu,KE,-2.2717,40.902,79.02,79,33,9.84
352,Vila Velha,BR,-20.3297,-40.2925,75.15,83,40,6.91
353,Batemans Bay,AU,-35.7167,150.1833,66.2,44,66,4.09
354,Samana,DO,19.2056,-69.3369,77.68,89,100,3.29
355,Mabaruma,GY,8.2,-59.7833,75.31,95,71,2.84
356,Santo Antonio Da Platina,BR,-23.295,-50.0772,64.78,96,27,2.24
357,Hobyo,SO,5.3505,48.5268,80.13,76,100,11.21
358,Constitucion,CL,-35.3333,-72.4167,44.55,72,0,8.12
359,Achi,CO,8.5682,-74.554,74.77,99,100,1.59
360,Dunedin,NZ,-45.8742,170.5036,52.81,60,55,5.99
361,Te Anau,NZ,-45.4167,167.7167,54.99,54,18,5.64
362,Blatnica,BA,44.4864,17.8233,34.21,97,90,1.97
363,General Roca,AR,-39.0333,-67.5833,48.6,40,0,18.86
364,Tautira,PF,-17.7333,-149.15,80.62,77,53,13.49
365,Bucarasica,CO,8.041,-72.8654,68.9,96,90,1.5
366,Flin Flon,CA,54.7682,-101.865,34.86,96,100,10.98
367,Kaka,TM,37.3482,59.6143,68.38,12,40,2.66
368,Alta Floresta,BR,-9.8756,-56.0861,72.03,95,100,2.93
369,Honiara,SB,-9.4333,159.95,84.25,73,74,5.55
370,Tevaitoa,PF,-16.7833,-151.5,80.56,72,94,13.56
371,Anloga,GH,5.7947,0.8973,79.39,85,80,6.62
372,Dubti,ET,11.7361,41.0853,86.07,31,7,3.4
373,Mwinilunga,ZM,-11.7358,24.4293,68.05,56,37,4.21
374,Mangrol,IN,21.1167,70.1167,86.04,48,9,10.33
375,Beringovskiy,RU,63.05,179.3167,18.21,78,18,8.57
376,Hamza,UZ,40.4264,71.4956,66.15,20,0,4.07
377,Horsham,GB,51.064,-0.3272,56.01,92,75,5.75
378,Nadvoitsy,RU,63.8667,34.3167,38.41,89,60,12.21
379,Port Hardy,CA,50.6996,-127.4199,48.38,100,90,12.66
380,Rio Gallegos,AR,-51.6226,-69.2181,48.25,40,0,14.97
381,Scalea,IT,39.813,15.7956,51.62,61,15,8.59
382,Great Yarmouth,GB,52.6083,1.7305,54.95,79,100,19.04
383,Lagoa,PT,39.05,-27.9833,69.39,85,74,14.92
384,Hami,CN,42.8,93.45,55.8,21,8,4.65
385,Lorengau,PG,-2.0226,147.2712,86.4,67,29,9.33
386,Conde,BR,-7.2597,-34.9075,76.46,94,75,9.22
387,Vianopolis,BR,-16.7419,-48.5164,68.72,84,100,3.2
388,Faya,SA,18.3851,42.4509,64.92,22,0,4.9
389,Hervey Bay,AU,-25.2986,152.8535,77.11,78,38,20.27
390,Oranjemund,NA,-28.55,16.4333,59.63,67,96,9.8
391,Atkinson,US,42.8384,-71.147,64.4,89,90,0.0
392,Port Macquarie,AU,-31.4333,152.9167,78.89,32,0,10.8
393,Okhotsk,RU,59.3833,143.3,29.95,62,1,13.98
394,El Vigia,VE,8.6219,-71.6506,77.41,86,97,3.04
395,Nacala,MZ,-14.5428,40.6728,80.1,72,7,4.18
396,Araxa,BR,-19.5933,-46.9406,64.36,94,0,2.3
397,Shelburne,CA,44.0787,-80.2041,65.23,99,100,8.95
398,Turukhansk,RU,65.8167,87.9833,35.89,100,100,16.35
399,Seddon,AU,-37.8068,144.8916,55.74,89,90,5.01
400,Fare,PF,-16.7,-151.0167,80.47,73,36,13.98
401,Gobabis,NA,-22.45,18.9667,65.55,20,5,6.08
402,Jumla,NP,29.2747,82.1838,71.83,24,0,4.0
403,Riyadh,SA,24.6877,46.7219,80.74,18,0,3.47
404,Rawlins,US,41.7911,-107.2387,28.83,64,90,12.66
405,Mindelheim,DE,48.05,10.4833,35.04,89,0,2.3
406,Omsukchan,RU,62.5333,155.8,12.54,93,100,5.41
407,Nang Rong,TH,14.6377,102.7914,81.84,81,100,3.56
408,Namatanai,PG,-3.6667,152.4333,85.32,68,13,10.25
409,Konstantinovskoye,RU,45.2992,42.6367,52.38,67,10,7.72
410,Dzerzhinsk,RU,56.2389,43.4631,44.42,93,90,17.9
411,Christchurch,NZ,-43.5333,172.6333,55.33,68,75,4.0
412,Kolpashevo,RU,58.3131,82.9089,40.89,87,98,7.7
413,Vaxjo,SE,56.8777,14.8091,51.85,100,90,14.97
414,Waukesha,US,43.0333,-88.3001,53.38,86,1,0.0
415,Komsomolskiy,UZ,40.4272,71.7189,65.12,29,0,4.61
416,Kerman,IR,30.2832,57.0788,66.06,19,0,0.0
417,Vao,NC,-22.6667,167.4833,69.82,77,78,18.03
418,Ogulin,HR,45.2661,15.2286,47.23,97,70,2.08
419,Carutapera,BR,-1.195,-46.02,78.57,79,38,7.65
420,Belchatow,PL,51.3688,19.3567,49.05,89,100,12.37
421,Mosquera,CO,4.7059,-74.2302,55.49,100,75,2.3
422,Mogok,MM,22.9167,96.5,74.14,71,85,2.08
423,Lavrentiya,RU,65.5833,-171.0,27.64,82,99,9.53
424,Hays,US,30.0502,-98.0336,72.1,91,0,5.46
425,Mumford,GH,5.2618,-0.759,77.27,91,94,6.55
426,Evanston,US,42.0411,-87.6901,61.09,79,75,0.0
427,Crowley,US,30.2141,-92.3746,78.96,93,85,5.79
428,Hun,LY,29.1268,15.9477,61.18,59,0,5.79
429,Monrovia,LR,6.3005,-10.7969,75.92,91,100,4.45
430,Avera,US,33.194,-82.5271,69.71,77,84,4.59
431,Kiama,AU,-34.6833,150.8667,67.37,52,71,11.99
432,Kaduna,NG,10.5222,7.4383,69.44,89,98,3.33
433,Hondo,JP,32.45,130.2,82.35,51,0,3.71
434,Freeport,US,40.6576,-73.5832,68.02,76,1,4.61
435,Tiznit,MA,29.5833,-9.5,67.59,42,2,3.22
436,Yuanping,CN,38.7153,112.7575,57.29,27,100,14.18
437,Leh,IN,34.1667,77.5833,47.48,19,2,3.31
438,Zhangye,CN,38.9342,100.4517,55.47,23,36,3.2
439,Grand Gaube,MU,-20.0064,57.6608,78.39,68,13,10.0
440,Margate,GB,51.3813,1.3862,56.03,83,100,1.99
441,Chincha Alta,PE,-13.4099,-76.1323,58.77,86,31,3.11
442,Ust-Nera,RU,64.5667,143.2,20.14,67,100,4.97
443,Hasaki,JP,35.7333,140.8333,77.29,62,8,8.05
444,Moindou,NC,-21.6924,165.677,80.55,68,78,9.13
445,Auriflama,BR,-20.6856,-50.5547,69.62,88,100,8.9
446,Ternate,ID,0.8,127.4,85.69,69,42,9.73
447,Alice Springs,AU,-23.7,133.8833,76.55,15,0,6.91
448,Alekseyevka,RU,50.6309,38.6903,45.23,69,100,7.25
449,Safaga,EG,26.7292,33.9365,81.32,49,0,10.76
450,Dalbandin,PK,28.8947,64.4101,72.39,8,0,6.51
451,San Jeronimo,PE,-11.9472,-75.2829,50.77,79,96,1.74
452,Myaundzha,RU,63.0494,147.1858,15.85,75,100,4.85
453,Enkoping,SE,59.6361,17.0777,50.95,88,100,13.13
454,Pringsewu,ID,-5.3582,104.9744,89.33,56,98,2.51
455,Mnogovershinnyy,RU,53.9353,139.9242,28.2,89,100,13.15
456,Mackay,AU,-21.15,149.2,78.67,71,81,13.47
457,Beloha,MG,-25.1667,45.05,84.11,29,2,1.77
458,Mezhdurechenskiy,RU,59.6,65.9333,46.11,76,76,8.93
459,Kearney,US,40.6995,-99.0815,45.16,85,1,1.99
460,Songea,TZ,-10.6833,35.65,68.25,66,18,8.23
461,Knysna,ZA,-34.0363,23.0471,55.78,74,100,3.89
462,Duluth,US,46.7833,-92.1066,50.59,70,90,3.0
463,Damietta,EG,31.4165,31.8133,76.19,65,24,10.65
464,South River,US,40.4465,-74.386,67.91,91,71,3.2
465,Kasongo,CD,-4.45,26.6667,68.97,94,100,2.64
466,Hurghada,EG,27.2574,33.8129,77.56,55,0,10.96
467,Manokwari,ID,-0.8667,134.0833,85.6,66,81,4.72
468,Salekhard,RU,66.53,66.6019,41.34,86,100,4.7
469,Beira,MZ,-19.8436,34.8389,78.49,75,21,9.62
470,Otradnoye,RU,59.7775,30.8181,38.55,82,35,7.49
471,Luwuk,ID,-0.9516,122.7875,88.11,65,95,2.71
472,Sheffield,GB,53.383,-1.4659,50.59,91,99,9.62
473,Morristown,US,36.214,-83.2949,70.9,73,1,0.0
474,Bara,NG,10.3744,10.7288,70.75,70,79,4.23
475,Susanville,US,40.4163,-120.653,37.24,47,1,3.0
476,Trairi,BR,-3.2778,-39.2689,78.96,81,41,10.71
477,Abaete,BR,-19.16,-45.4458,72.91,79,100,2.17
478,Mercedes,AR,-34.6515,-59.4307,49.01,88,80,11.59
479,Lingao,CN,19.9103,109.6859,81.82,84,90,15.97
480,Saint Augustine,US,29.8947,-81.3145,76.01,93,1,0.0
481,Pangnirtung,CA,66.1451,-65.7125,26.1,66,98,2.91
482,Bonfim,BR,3.0833,-59.95,80.74,63,32,4.85
483,Tiarei,PF,-17.5333,-149.3333,80.62,77,51,14.36
484,Marsh Harbour,BS,26.5412,-77.0636,79.95,74,13,9.26
485,Derzhavinsk,KZ,51.1,66.3167,48.97,68,0,8.14
486,Batagay,RU,67.6333,134.6333,20.25,80,99,2.64
487,Gunnedah,AU,-30.9833,150.25,65.82,47,43,8.01
488,Almeirim,BR,-1.5233,-52.5817,77.49,70,65,5.3
489,Porto Novo,BJ,6.4965,2.6036,78.62,91,62,3.2
490,Petropavlovsk-Kamchatskiy,RU,53.0452,158.6483,45.19,100,90,2.24
491,Labuhan,ID,-6.8844,112.2051,90.19,52,92,10.42
492,Olutanga,PH,7.3106,122.8464,84.27,69,70,5.03
493,Sydney,AU,-33.8679,151.2073,69.1,54,40,3.0
494,Mount Gambier,AU,-37.8333,140.7667,55.96,71,91,16.17
495,Coahuayana,MX,18.7333,-103.6833,76.08,91,12,3.0
496,Saint Anthony,US,45.0205,-93.218,47.35,77,1,3.44
497,Nancha,CN,47.1333,129.2667,50.49,27,0,2.33
498,Vorobyevka,RU,50.6451,40.9245,45.9,72,100,7.85
499,Gorodishche,RU,48.8045,44.4744,48.79,76,0,6.71
500,Minuri,PH,16.535,121.8574,83.32,80,64,1.88
501,Mizdah,LY,31.4451,12.9801,55.11,61,0,12.28
502,Fort Nelson,CA,58.8053,-122.7002,36.99,52,40,3.44
503,Kargasok,RU,59.0556,80.8572,43.81,85,99,10.78
504,Dagua,CO,3.6569,-76.6886,66.7,99,100,1.68
505,Lavumisa,SZ,-27.31,31.892,70.92,60,0,3.11
506,Domoni,KM,-12.2569,44.5319,79.21,76,13,5.39
507,Port Antonio,JM,18.18,-76.4612,82.31,82,29,1.19
508,Kampot,KH,10.6167,104.1833,87.85,68,96,6.22
509,Henties Bay,NA,-22.116,14.2845,57.85,93,9,8.05
510,Santa Fe,AR,-31.6333,-60.7,56.01,72,100,5.99
511,Salinas,US,36.6777,-121.6555,63.19,60,1,3.44
512,Vung Tau,VN,10.346,107.0843,85.8,67,36,7.11
513,Skelleftea,SE,64.7507,20.9528,48.56,69,90,4.61
514,Sompeta,IN,18.9333,84.6,82.44,85,100,10.96
515,Tancheng,CN,27.4375,115.4976,65.71,94,100,3.56
516,Tura,IN,25.5198,90.2201,88.77,61,79,2.15
517,Nemuro,JP,43.3236,145.575,66.63,80,98,12.84
518,Meulaboh,ID,4.1363,96.1285,85.66,60,39,4.76
519,Baruun-Urt,MN,46.6806,113.2792,26.31,23,0,21.0
520,Evensk,RU,61.95,159.2333,25.34,51,23,13.24
521,Walvis Bay,NA,-22.9575,14.5053,58.08,94,90,2.3
522,Kurilsk,RU,45.2333,147.8833,55.17,83,99,19.91
523,Vikindu,TZ,-7.0067,39.2985,79.65,71,48,7.43
524,El Penon,CO,8.9892,-73.9486,75.6,98,100,1.66
525,Isla Vista,US,34.4133,-119.861,66.83,56,1,3.44
526,Montepuez,MZ,-13.1256,38.9997,72.77,73,83,5.59
527,Sterling,US,39.0062,-77.4286,65.97,92,40,0.0
528,Sao Jose Da Coroa Grande,BR,-8.8978,-35.1478,76.8,85,22,11.07
529,Altay,CN,47.8667,88.1167,48.33,42,1,3.13
530,Bida,NG,9.0833,6.0167,75.15,86,76,4.14
531,Nichinan,JP,31.6,131.3667,85.15,64,1,7.74
532,Nandgaon,IN,20.3167,74.65,82.54,54,75,7.96
533,Phan Thiet,VN,10.9333,108.1,88.27,64,70,9.82
534,Halden,NO,59.1226,11.3871,50.34,78,40,6.13
535,Puerto Escondido,MX,15.85,-97.0667,80.26,87,23,4.07
536,Rio Branco,BR,-9.9747,-67.81,79.41,83,0,4.61
537,Narsaq,GL,60.9167,-46.05,26.82,46,28,5.93
538,Champerico,GT,14.3,-91.9167,82.35,83,20,6.53
539,Yerbogachen,RU,61.2767,108.0108,25.3,50,95,11.18
540,Marevo,RU,57.3146,32.0804,38.59,82,82,6.15
541,Moshi,TZ,-3.35,37.3333,72.37,74,39,3.42
542,Vary,UA,48.1221,22.7128,37.94,88,7,3.78
543,Istiaia,GR,38.9558,23.1528,58.71,93,100,6.26
544,Chiredzi,ZW,-21.05,31.6667,80.53,32,0,3.89
545,Marijampole,LT,54.5667,23.35,46.47,92,100,14.65
546,Lazaro Cardenas,MX,17.9583,-102.2,79.48,88,67,2.55
547,Pamekasan,ID,-7.1568,113.4746,89.55,51,86,8.19
548,Asfi,MA,32.2994,-9.2372,68.52,75,3,9.71
549,Alice Town,BS,25.7167,-79.3,81.64,70,7,10.65
550,Vernon,CA,50.2581,-119.2691,49.14,75,100,2.3
551,Kaabong,UG,3.4836,34.1492,69.89,57,79,15.26
552,Ibipeba,BR,-11.6408,-42.0111,71.53,75,39,9.37
553,Goderich,CA,43.7501,-81.7165,66.04,77,68,3.44
554,Manadhoo,MV,5.7667,73.3833,82.24,79,44,23.0
555,Lumeje,AO,-11.55,20.7833,67.06,55,20,3.74
556,Kamenka,RU,51.3223,42.7678,44.96,74,100,10.65
557,Bud,US,39.447,-86.1758,70.41,97,94,3.38
558,Arman,RU,59.7,150.1667,27.46,54,97,13.4
559,Shakawe,BW,-18.3667,21.85,68.7,15,0,5.3
560,Kralendijk,BQ,12.15,-68.2667,82.38,83,40,13.8
561,Nenjiang,CN,49.1833,125.2167,32.54,87,100,7.83
562,Perumpavur,IN,10.1333,76.4833,90.23,70,40,5.75
